sentiment,category,source,title,description,content,url,publishedAt
Neutral,Israel Iran/Lebanon Conflict,Yahoo Entertainment,"Netanyahu Agrees to Limit Strike on Iran, Washington Post Reports",,"If you click 'Accept all', we and our partners, including 238 who are part of the IAB Transparency &amp; Consent Framework, will also store and/or access information on a device (in other words, use … [+678 chars]",https://consent.yahoo.com/v2/collectConsent?sessionId=1_cc-session_b0394421-af3d-46f9-a07a-05621dda9ca8,
Negative,Non-Governmental Opinion,Yahoo Entertainment,"'Squad' member calls Netanyahu a 'genocidal maniac,' sparking backlash from Israeli ambassador to the UN",,"If you click 'Accept all', we and our partners, including 238 who are part of the IAB Transparency &amp; Consent Framework, will also store and/or access information on a device (in other words, use … [+678 chars]",https://consent.yahoo.com/v2/collectConsent?sessionId=1_cc-session_f92a758f-a011-41e4-9172-20bb4d3b6fd3,
Neutral,Israel Iran/Lebanon Conflict,International Business Times,Israel Strikes Lebanon After Netanyahu Vows No Mercy For Hezbollah,"Israel's military launched strikes Tuesday on eastern Lebanon, official Lebanese media reported, as Hezbollah fought Israeli soldiers after Prime Minister Benjamin Netanyahu vowed no mercy for the militant group.","Israel's military launched strikes Tuesday on eastern Lebanon, official Lebanese media reported, as Hezbollah fought Israeli soldiers after Prime Minister Benjamin Netanyahu vowed no mercy for the mi… [+5919 chars]",https://www.ibtimes.com/israel-strikes-lebanon-after-netanyahu-vows-no-mercy-hezbollah-3746697,
Neutral,Israel American Relations,Financial Post,Israel Says It Weighs US Views as Netanyahu Mulls Iran Response,"Israel said it is listening to US misgivings about its planned counter-strike against Iran but will act based on its own assessments, following a report suggesting Prime Minister Benjamin Netanyahu could spare Tehran’s nuclear and energy facilities from any i…","(Bloomberg) Israel said it is listening to US misgivings about its planned counter-strike against Iran but will act based on its own assessments, following a report suggesting Prime Minister Benjamin… [+1591 chars]",https://financialpost.com/pmn/business-pmn/israel-says-it-weighs-us-views-as-netanyahu-mulls-iran-response,
Neutral,Israel Iran/Lebanon Conflict,Biztoc.com,WAPO: Netanyahu Agrees to Limit Strike on Iran | Horizons Middle East & Africa 10/15/2024,The Washington Post reporting Prime Minister Benjamin Netanyahu has agreed to limit Israel's retaliation against Iran to military ...,"The Washington Post reporting Prime Minister Benjamin Netanyahu has agreed to limit Israel's retaliation against Iran to military ...  This story appeared on youtube.com, 2024-10-15.",https://biztoc.com/x/28ba1a11a7d7c724,
Neutral,Non-American Israel Relations,Biztoc.com,"Oil Prices Drop After Netanyahu Says Israel Will Attack Military, Not Oil Or Nuclear Targets In Iran","Oil Prices Drop After Netanyahu Says Israel Will Attack Military, Not Oil Or Nuclear Targets In Iran Benzinga Oil Drops Again as Iran’s Crude Supply Concerns Ease Bloomberg Oil slides 2% as OPEC lowers demand forecast, China stimulus lacks clarity Yahoo Finan…","Oil Prices Drop After Netanyahu Says Israel Will Attack Military, Not Oil Or Nuclear Targets In Iran BenzingaOil Drops Again as Irans Crude Supply Concerns Ease BloombergOil slides 2% as OPEC lowers … [+136 chars]",https://biztoc.com/x/a116908283f05720,
Neutral,Non-American Israel Relations,Biztoc.com,"Oil Prices Drop 2% As OPEC Cuts Forecast, Iran's Output Rises: Analyst Says Netanyahu May Doubt US Commitment To 'Restricting Iranian Exports'","Oil Prices Drop 2% As OPEC Cuts Forecast, Iran's Output Rises: Analyst Says Netanyahu May Doubt US Commitment To 'Restricting Iranian Exports' Benzinga Oil Drops at Open on Report Israel Won’t Attack Iranian Crude Bloomberg U.S. crude oil prices fall more tha…","Oil Prices Drop 2% As OPEC Cuts Forecast, Iran's Output Rises: Analyst Says Netanyahu May Doubt US Commitment To 'Restricting Iranian Exports' BenzingaOil Drops at Open on Report Israel Wont Attack I… [+136 chars]",https://biztoc.com/x/1ad378b4ef29dd62,
Neutral,Israel Iran/Lebanon Conflict,Freerepublic.com,Ministers livid over halt in strikes in Beirut: We will demand answers from Netanyahu,"he Israel Air Force has not struck Beirut in the last four days, at the direction of the political echelon. Kan 11 News reported on Monday evening that the instruction was delivered in writing on Friday morning, after the unusual strike in western Beirut, in …",Skip to comments.  Ministers livid over halt in strikes in Beirut: We will demand answers from NetanyahuArutz Sheva ^   | 14/10/24  Posted on 10/15/2024 12:15:00 AM PDT by Eleutheria5  he Israel Air … [+1967 chars],https://freerepublic.com/focus/f-news/4271079/posts,
Neutral,Israel Iran/Lebanon Conflict,Freerepublic.com,"Report: Israel to Target Iran’s Military; Netanyahu Agrees Not to Hit Oil, Nuclear",Israeli Prime Minister Benjamin Netanyahu has reportedly agreed to a demand by U.S. President Joe Biden that Israel will not attack Iran’s oil facilities or nuclear sites in retaliation for a ballistic missile attack earlier this month. As Breitbart News repo…,"Skip to comments.  Report: Israel to Target Irans Military; Netanyahu Agrees Not to Hit Oil, NuclearBreitbart ^   | 10/14/2024   | JOEL B. POLLAK  Posted on 10/14/2024 6:23:41 PM PDT by ChicagoConser… [+2747 chars]",https://freerepublic.com/focus/f-news/4271058/posts,
Neutral,Israel Iran/Lebanon Conflict,Haaretz,Report: Netanyahu Says Israel Will Strike Iranian Military Targets Before Nov. 5 Election,"IDF soldier killed in Gaza; Three rockets fired from Lebanon at central Israel, Tel Aviv ■ Protesters target NYSE, calling for weapons embargo on Israel, cease-fire in Gaza ■ U.S. State Department urges U.S. citizens in Lebanon to leave immediately ■ Israeli …","Here are the lates updates for day 374 of the war:   The IDF announced on Monday that Sergeant Koren Bitan,19, was killed while fighting in southern Gaza   Israeli authorities say 30 trucks carried a… [+2109 chars]",https://www.haaretz.com/israel-news/2024-10-15/ty-article-live/report-netanyahu-says-israel-will-strike-iranian-military-targets-before-nov-5-election/00000192-8dc5-d9c2-a7f3-8dc7ae060000,
Neutral,Israel Iran/Lebanon Conflict,Al Jazeera English,Netanyahu wants UNIFIL out of Lebanon. Why?,Experts warn a withdrawal will make it impossible to monitor violations of international law.,Prime Minister Benjamin Netanyahu is pushing for the removal of UN peacekeepers as Israel escalates its attacks in southern Lebanon.  Experts believe this is aimed at removing international observers… [+5872 chars],https://www.aljazeera.com/news/2024/10/16/netanyahu-wants-unifil-out-of-lebanon-why,
positive,Non-Governmental Opinion,Al Jazeera English,Have Israel’s wars on Gaza and Lebanon made Netanyahu more popular?,Some opinion polls suggest the Israeli prime minister's approval ratings are rising.,Some opinion polls suggest Israeli prime ministers approval ratings are rising.Israels Prime Minister Benjamin Netanyahu faces international condemnation for his wars on Gaza and Lebanon.  Yet some o… [+421 chars],https://www.aljazeera.com/program/inside-story/2024/10/15/have-israels-wars-on-gaza-and-lebanon-made-netanyahu-more-popular,
Neutral,Non-American Israel Relations ,Yahoo Entertainment,Macron riles Netanyahu with jab on Israel's creation,,"If you click 'Accept all', we and our partners, including 238 who are part of the IAB Transparency &amp; Consent Framework, will also store and/or access information on a device (in other words, use … [+678 chars]",https://consent.yahoo.com/v2/collectConsent?sessionId=1_cc-session_97e971e3-3440-4d91-a79e-be1eb0e0dc50,
Neutral,Non-American Israel Relations ,Breitbart News,"Netanyahu Blasts Macron over 'United Nations' Insult, Lebanon Policy",Israeli Prime Minister Benjamin Netanyahu blasted French President Emmanuel Macron on Tuesday after the European leader insulted Israel by suggesting that it would not have existed except for the United Nations. The post Netanyahu Blasts Macron over ‘United N…,Israeli Prime Minister Benjamin Netanyahu blasted French President Emmanuel Macron on Tuesday after the European leader insulted Israel by suggesting that it would not have existed except for the Uni… [+3865 chars],https://www.breitbart.com/middle-east/2024/10/15/netanyahu-blasts-macron-united-nations-attempts-to-intervene-in-lebanon/,
Neutral,Israel Iran/Lebanon Conflict,Yahoo Entertainment,Netanyahu opposes ceasefire deal that would not halt Hezbollah from rearming,Israeli Prime Minister Benjamin Netanyahu said on Tuesday he told French President Emmanuel Macron that he would not agree to a ceasefire deal that failed to...,By Steven Scheer  JERUSALEM (Reuters) - Israeli Prime Minister Benjamin Netanyahu said on Tuesday he told French President Emmanuel Macron that he would not agree to a ceasefire deal that failed to s… [+1664 chars],https://www.yahoo.com/news/netanyahu-opposes-ceasefire-deal-not-185032579.html,
Neutral,Non-American Israel Relations ,International Business Times,Macron Riles Netanyahu With Jab On Israel's Creation,"French President Emmanuel Macron has further strained tense relations with Israel with a comment referring o the creation of the Israeli state, a verbal jab that was rapidly denounced by Prime Minister Benjamin Netanyahu as distorting history.","French President Emmanuel Macron has further strained tense relations with Israel with a comment referring o the creation of the Israeli state, a verbal jab that was rapidly denounced by Prime Minist… [+3963 chars]",https://www.ibtimes.com/macron-riles-netanyahu-jab-israels-creation-3746906,
Negative,Non-American Israel Relations ,Breitbart News,"Communist Nicaragua Cuts Ties with Israel, Calls Netanyahu 'Son of the Devil'","Communist dictator Daniel Ortega of Nicaragua condemned Israeli Prime Minister Benjamin Netanuayu on Monday evening, calling him ""Hitler"" and accusing him of being the ""son of the devil"" days after he had the country break diplomatic ties with Israel. The pos…","Communist dictator Daniel Ortega of Nicaragua condemned Israeli Prime Minister Benjamin Netanuayu on Monday evening, calling him “Hitler” and accusing him of being the “son of the devil” days after h… [+4152 chars]",https://www.breitbart.com/latin-america/2024/10/15/communist-nicaragua-cuts-ties-with-israel-calls-netanyahu-son-of-the-devil/,
Negative,Non-American Israel Relations ,Raw Story,"In clash with Netanyahu, Macron says Israel PM 'mustn't forget his country created by UN","Israeli Prime Minister Benjamin Netanyahu should not forget his country was created as a result of a resolution adopted by the United Nations, French President Emmanuel Macron told cabinet on Tuesday, urging Israel to abide by UN decisions.Tensions have incre…","Israeli Prime Minister Benjamin Netanyahu should not forget his country was created as a result of a resolution adopted by the United Nations, French President Emmanuel Macron told cabinet on Tuesday… [+1410 chars]",https://www.rawstory.com/election-officials-in-u-s-state-of-georgia-must-certify-results-judge/,
Neutral,Israel American Relations,Wnd.com,Report: Netanyahu tells Biden Iran’s nuclear and energy sites not on target list,"Meanwhile, Israel is facing a potential shortage of interceptor missiles as it bolsters air defenses against possible attacks from Iran and its proxies","Israel Prime Minister Benjamin Netanyahu welcomes Joe Biden at Ben-Gurion Airport, Oct. 18, 2023. (Photo by Avi Ohayon/Israel GPO)  Israel/Middle East Morning Brief  U.S. President Joe Biden was said… [+3176 chars]",https://www.wnd.com/2024/10/report-netanyahu-tells-biden-irans-nuclear-and-energy-sites-not-on-target-list/,
positive,Israel Palestine Conflict,Investing.com,"Netanyahu held emergency discussion on increasing aid to Gaza, Israeli officials say","Netanyahu held emergency discussion on increasing aid to Gaza, Israeli officials say","JERUSALEM (Reuters) - Israeli Prime Minister Benjamin Netanyahu convened an emergency meeting on Wednesday to discuss expanding humanitarian aid to Gaza, three officials who attended the discussion s… [+1172 chars]",https://www.investing.com/news/world-news/netanyahu-held-emergency-discussion-on-increasing-aid-to-gaza-israeli-officials-say-3666902,
Neutral,Israel Iran/Lebanon Conflict,Biztoc.com,Netanyahu Denies Substance Of WaPo Iran Strike Report Which Sent Oil Prices Sliding,Netanyahu Denies Substance Of WaPo Iran Strike Report Which Sent Oil Prices Sliding   Israeli Prime Minister Benjamin Netanyahu is denying a Monday Washington Post report which sent oil prices sliding and which painted a picture of President Biden using diplo…,Netanyahu Denies Substance Of WaPo Iran Strike Report Which Sent Oil Prices Sliding  Israeli Prime Minister Benjamin Netanyahu is denying a Monday Washington Post report which sent oil prices sliding… [+141 chars],https://biztoc.com/x/0700b429bce62309,
Negative,Israel American Relations,Freerepublic.com,Biden said to claim ’18 out of 19 people who work for Netanyahu are liars’,"Journalist and author Bob Woodward, whose new book, “War,” has already made headlines, claimed that US President Joe Biden told aides that “18 of the 19 people” who work for Prime Minister Benjamin Netanyahu are “liars.” Snippets from Woodward’s book, as repo…","<table><tr><td>This thread has been pulled.</td></tr><tr><td>  Pulled on 10/16/2024 7:50:33 AM PDT  by Admin Moderator,  reason:language  </td></tr></table>Okay",https://freerepublic.com/focus/f-news/4271353/posts,
positive,Non-Governmental Opinion,Haaretz,How Netanyahu overcame his fear of protracted wars,"The war in Gaza has been pushed along by a lust for revenge, so it has been harder for Netanyahu to satisfy his base. Luckily, in the Lebanon story there are no Palestinians or ghosts of  Israel's 2005 Gaza pullout","Analysis | The war in Gaza has been pushed along by a lust for revenge, so it has been harder for Netanyahu to satisfy his base. Luckily, in the Lebanon story there are no Palestinians or ghosts of I… [+24 chars]",https://www.haaretz.com/israel-news/2024-10-16/ty-article/.premium/how-netanyahu-overcame-his-fear-of-protracted-wars/00000192-94d4-d0b6-a5d6-d7d640060000,
Negative,Israel Political Affairs,Haaretz,Haredi minister threatens to topple Netanyahu government if conscription bill passes,"The United Torah Judaism party leader previously made a deal with Netanyahu to throw his party's support behind the state budget if a law exempting the ultra-Orthodox was passed by Rosh Hashanah, a source said","The United Torah Judaism party leader previously made a deal with Netanyahu to throw his party's support behind the state budget if a law exempting the ultra-Orthodox was passed by Rosh Hashanah, a s… [+9 chars]",https://www.haaretz.com/israel-news/2024-10-15/ty-article/.premium/haredi-minister-threatens-to-quit-netanyahu-government-if-conscription-bill-passes/00000192-909b-d2ee-a9f3-9e9fec1d0000,
Negative,Non-Governmental Opinion,Haaretz,Arab world speculates whether 'Netanyahu will go too far' in his response to Iran,"As Hezbollah-affiliated news outlets warn that the U.S. will be responsible for Israel's counter-strike, other Arabic-language commentators suggest that despite U.S. opposition, Netanyahu will still try to hit Tehran's nuclear sites","As Hezbollah-affiliated news outlets warn that the U.S. will be responsible for Israel's counter-strike, other Arabic-language commentators suggest that despite U.S. opposition, Netanyahu will still … [+32 chars]",https://www.haaretz.com/israel-news/2024-10-15/ty-article/.premium/arab-world-speculates-whether-netanyahu-will-go-too-far-in-his-response-to-iran/00000192-8fd2-d40d-afdf-9ffeb6f90000,
Negative,Israel Political Affairs,HaaretzA27,AG tells Netanyahu his security cabinet is a 'sanctuary for improper decision-making',Attorney General Gali Baharav-Miara said that the decision to establish shelters at settler outposts was made without consulting security and legal experts or considering budget implications. Netanyahu's office called the allegations baseless,"A decision by Israel's security cabinet to place mobile air raid shelters in West Bank outposts last week was taken without the required consultations with legal and security experts, according to At… [+33 chars]",https://www.haaretz.com/israel-news/2024-10-15/ty-article/.premium/ag-tells-netanyahu-his-security-cabinet-is-a-sanctuary-for-improper-decision-making/00000192-901e-d2db-ab97-dddf27870000,
Neutral,Israel Local Affairs,Haaretz,Netanyahu has a plan for putting the Haredi draft issue to bed,"Israeli PM Netanyahu is advancing a compromise that would save his coalition without fixing the existing imbalance in the burden of IDF service. The main obstacle remains Defense Minister Gallant, but sources in Likud say Netanyahu won't hesitate to replace h…",Analysis | Israeli PM Netanyahu is advancing a compromise that would save his coalition without fixing the existing imbalance in the burden of IDF service. The main obstacle remains Defense Minister … [+91 chars],https://www.haaretz.com/israel-news/2024-10-16/ty-article/.premium/netanyahu-has-a-plan-for-putting-the-haredi-draft-issue-to-bed/00000192-9468-d2db-ab97-ddf94bff0000,
Negative,Non-Governmental Opinion,Haaretz,"At the UN, I understood that Netanyahu doesn't intend to bring the hostages back. He'd rather have them return in body bags'","Danny Elgarat, whose brother Itzhak Elgarat was abducted from his home in Kibbutz Nir Oz, has been hunger striking for 17 days in an effort to rouse the public to join the battle for the hostages. He fears for his brother's life","Danny Elgarat, whose brother Itzhak Elgarat was kidnapped from his home in Kibbutz Nir Oz, has been on hunger strike for 17 days. Every morning he goes to the high school in Rishon Letzion where he t… [+94 chars]",https://www.haaretz.com/israel-news/2024-10-16/ty-article/.premium/at-the-un-i-understood-that-netanyahu-doesnt-intend-to-bring-the-hostages-back/00000192-92c8-de4f-a1d6-97fe94d30000,
Negative,Israel American Relations,Fox News,"Netanyahu hits Biden admin, says Israel – not US – will decide how to handle Iran",Israeli Prime Minister Benjamin Netanyahu stated that his regime and not the U.S. will decide how to retaliate against Iran.,"Israeli Prime Minister Benjamin Netanyahu took a swipe at President Biden's administration Tuesday, stating firmly that Israel not the U.S. will decide how best to retaliate against Iran's recent agg… [+2621 chars]",https://www.foxnews.com/politics/netanyahu-hits-biden-admin-says-israel-not-us-will-decide-how-handle-iran,
Neutral,Non-American Israel Relations ,Fox News,"Netanyahu tells Macron that Israel was not created by the UN, but by 'blood of our heroic fighters'",Israeli Prime Minister Benjamin Netanyahu blasted French President Emmanuel Macron over his remarks to his cabinet about Israel's founding.,"Israeli Prime Minister Benjamin Netanyahu on Tuesday took umbrage at remarks made by French President Emmanuel Macron, in which he stated that Israel was created by the United Nations.   Macron was s… [+2678 chars]",https://www.foxnews.com/us/netanyahu-tells-macron-israel-not-created-un-blood-our-heroic-fighters,
Neutral,Israel Palestine Conflict,Al Jazeera English,Netanyahu says war on Gaza “not over yet” after death of Hamas’s Sinwar,"Israeli Prime Minister Benjamin Netanyahu said that the war on Gaza is ""not over yet"" after the death of Hamas's Sinwar.","NewsFeed  Israeli Prime Minister Benjamin Netanyahu said that despite the death of Hamass leader Yahya Sinwar, the war on Gaza is not over yet.",https://www.aljazeera.com/program/newsfeed/2024/10/17/netanyahu-says-war-on-gaza-not-over-yet-after-death-of-hamass-sinwar,
Neutral,Israel American Relations,Democracy Now!,"""Itching for a War"": Biden Deploys U.S. Troops to Israel as Netanyahu Threatens Escalation with Iran","We look at Israel’s threats to launch retaliatory strikes against Iran as fears grow of a broader regional war. We speak to analyst Trita Parsi, executive vice president of the Quincy Institute for Responsible Statecraft, about the Biden administration sendin…",This is viewer supported news. Please do your part today.  Donate  We look at Israel’s threats to launch retaliatory strikes against Iran as fears grow of a broader regional war. We speak to analyst … [+559 chars],https://www.democracynow.org/2024/10/17/iran_israel_escalation,
Neutral,Israel Palestine Conflict,CBS News,Netanyahu says leader's death is the end of Hamas,"Israel announced that Hamas leader Yahya Sinwar was killed in Gaza Thursday. ""Hamas will no longer rule Gaza,"" Israeli Prime Minister Benjamin Netanyahu said. CBS News' Elizabeth Palmer reports on the significance of Sinwar's death.","Watch CBS News  Copyright ©2024 CBS Interactive Inc. All rights reserved.  Get browser notifications for breaking news, live events, and exclusive reporting.  Not NowTurn On",https://www.cbsnews.com/video/netanyahu-leaders-death-end-hamas/,
Neutral,Israel Palestine Conflict,CBS News,"Netanyahu confirms Yahya Sinwar killing, says war is not over",Prime Minister Benjamin Netanyahu has confirmed the death of Hamas chief Yahya Sinwar in the Gaza Strip as Israel's war continues to escalate there and in Lebanon against Hezbollah. Netanyahu called for members of Hamas to release the remaining Israeli hostag…,"Watch CBS News  Copyright ©2024 CBS Interactive Inc. All rights reserved.  Get browser notifications for breaking news, live events, and exclusive reporting.  Not NowTurn On",https://www.cbsnews.com/video/netanyahu-confirms-yahya-sinwar-killing-says-war-is-not-over/,
Neutral,Israel American Relations,NBC News,U.S. says it will be 'watching' as Netanyahu holds emergency meeting on increasing aid to Gaza,"Facing increasing U.S. pressure to ramp up aid into Gaza and warning that Washington would be “watching,” as Israeli Prime Minister Benjamin Netanyahu held an emergency meeting to discuss the matter on Wednesday.","Facing increasing U.S. pressure to ramp up aid into Gaza and warning that Washington would be watching, as Israeli Prime Minister Benjamin Netanyahu held an emergency meeting to discuss the matter on… [+2463 chars]",https://www.nbcnews.com/news/world/israel-gaza-aid-war-hamas-netanyahu-united-nations-starvation-letter-rcna175868,
Neutral,Israel Palestine Conflict,Breitbart News,"Netanyahu on Killing of Hamas Leader Yahya Sinwar: 'Darkness Is in Retreat, Light Is Rising'","Israeli Prime Minister Benjamin Netanyahu addressed his nation on Thursday evening in the wake of confirmation that Israel Defense Forces (IDF) troops had killed Hamas leader Yahya Sinwar, saying a chance had arrived for peace. The post Netanyahu on Killing o…","Israeli Prime Minister Benjamin Netanyahu addressed his nation on Thursday evening in the wake of confirmation that Israel Defense Forces (IDF) troops had killed Hamas leader Yahya Sinwar, saying a c… [+3863 chars]",https://www.breitbart.com/middle-east/2024/10/17/netanyahu-on-killing-of-hamas-leader-yahya-sinwar-darkness-is-in-retreat-light-is-rising/,
Neutral,Israel Palestine Conflict,Breitbart News,Netanyahu to Hamas: Free the Hostages and We Will Let You Live,"Israeli Prime Minister Benjamin Netanyahu said Thursday evening that Hamas terrorists who freed Israeli hostages would be allowed to live, but that those who sought to harm them would be hunted down and killed. He added that the war in Gaza would end if the h…","Israeli Prime Minister Benjamin Netanyahu said Thursday evening that Hamas terrorists who freed Israeli hostages would be allowed to live, but that those who sought to harm them would be hunted down … [+2594 chars]",https://www.breitbart.com/middle-east/2024/10/17/netanyahu-to-hamas-free-the-hostages-and-we-will-let-you-live/,
Neutral,Israel Iran/Lebanon Conflict,Naturalnews.com,"Netanyahu will strike military sites within Iran before U.S. elections, source tells WaPo","Two unnamed officials close to Israeli Prime Minister Benjamin Netanyahu just disclosed to the Biden administration that Israel is planning to launch its attack on Iran before the U.S. presidential elections on Nov. 5, the Washington Post (WaPo) reported. Acc…",Two unnamed officials close to Israeli Prime Minister Benjamin Netanyahu just disclosed to the Biden administration that Israel is planning to launch its attack on Iran before the U.S. presidential e… [+4918 chars],https://www.naturalnews.com/2024-10-17-netanyahu-will-strike-iran-before-us-elections.html,
Negative,Israel Local Affairs,International Business Times,"Hostages Families Not Impressed With Hamas Leader's Assassination, Demand Netanyahu Order 'Immediate Agreement'","Amidst reports of the death of Yahya Sinwar, the head of Hamas, the families of the Israeli hostages push the government to negotiate their safe return.",The families of 101 still believed to be held hostage in Gaza expressed concern about retribution against their loved ones after the Israel Defense Forces (IDF) is believed to have killed Yahya Sinwa… [+2887 chars],https://www.ibtimes.com/israeli-hostage-families-hamas-assassination-netanyahu-3747095,
Neutral,Israel Palestine Conflict,NBC News,Sinwar's death offers an opening to end the war in Gaza – and a test for Netanyahu,"The killing of Yahya Sinwar is a tactical and symbolic success for Israel, but it's unclear if it will change the course of the conflict in Gaza.",The killing of Hamas leader Yahya Sinwar is a major symbolic and military victory for Israel a year after the hard-line ideologue masterminded a devastating terrorist attack that shattered the countr… [+7728 chars],https://www.nbcnews.com/investigations/sinwars-death-offers-opening-end-war-gaza-test-netanyahu-rcna175914,
Neutral,Israel Palestine Conflict,Yahoo Entertainment,Netanyahu says al-Sinwar's death paves way for a better future,"Israeli Prime Minister Benjamin Netanyahu has hailed the death of Hamas leader Yehya al-Sinwar as a significant milestone, describing it as a sign of ""the...","Israeli Prime Minister Benjamin Netanyahu has hailed the death of Hamas leader Yehya al-Sinwar as a significant milestone, describing it as a sign of ""the decline of the reign of evil by Hamas"" in th… [+1781 chars]",https://www.yahoo.com/news/netanyahu-says-al-sinwars-death-190323216.html,
Neutral,Israel Palestine Conflict,ABC News,"Prime Minister Benjamin Netanyahu says Israel has “settled its account” with Sinwar but ""war is not yet ended.""","Prime Minister Benjamin Netanyahu says Israel has “settled its account” with Sinwar but ""war is not yet ended.""","Prime Minister Benjamin Netanyahu says Israel has settled its account with Sinwar but ""war is not yet ended.""  October 17, 2024, 1:43 PM  JERUSALEM -- Prime Minister Benjamin Netanyahu says Israel ha… [+60 chars]",https://abcnews.go.com/International/wireStory/prime-minister-benjamin-netanyahu-israel-settled-account-sinwar-114901381,
Neutral,Israel Palestine Conflict,New York Post,Netanyahu says Israel ‘settled the score’ with Hamas head Yahya Sinwar’s death — but warns war is not over,"Israeli Prime Minister Benjamin Netanyahu said that the killing of Hamas head Yahya Sinwar in Rafah marked a pivotal moment in the Middle East wars, but warned that the fight was not over yet – as he vowed to return the remaining hostages to their loved ones.…","Israeli Prime Minister Benjamin Netanyahu said that the killing of Hamas head Yahya Sinwar in Rafah marked a pivotal moment in the Middle East wars, but warned that the fight was not over yet as he v… [+2292 chars]",https://nypost.com/2024/10/17/world-news/netanyahu-says-israel-settled-the-score-with-yahya-sinwars-death-but-war-is-not-over/,
Neutral,Israel Palestine Conflict,Biztoc.com,Will Netanyahu continue Gaza war after death of Hamas chief?,US says killing of Yahya Sinwar is an opportunity to negotiate a ceasefire,"US says killing of Yahya Sinwar is an opportunity to negotiate a ceasefire  This story appeared on ft.com, 2024-10-17 22:23:08.",https://biztoc.com/x/047d8be934863455,
Neutral,Israel Palestine Conflict,Biztoc.com,"Netanyahu: Israel has 'settled its account' with Sinwar, but 'war has not yet ended'","Prime Minister Benjamin Netanyahu said on Wednesday that the killing of Hamas leader Yahya Sinwar was an ""important moment in the war"" to bring home the hostages being held in Gaza.","Prime Minister Benjamin Netanyahu said on Wednesday that the killing of Hamas leader Yahya Sinwar was an ""important moment in the war"" to bring home the hostages being held in Gaza.  This story appea… [+35 chars]",https://biztoc.com/x/412b62e73ba2c6fe,
Neutral,Israel American Relations,Investing.com,"Biden says will speak soon with Netanyahu on how to return hostages, end war","Biden says will speak soon with Netanyahu on how to return hostages, end war","(Reuters) - U.S. President Joe Biden said on Thursday that slain Hamas leader Yahya Sinwar's death marks a moment of relief for Israelis while providing the opportunity for a ""day after"" in Gaza with… [+492 chars]",https://www.investing.com/news/world-news/biden-says-will-speak-soon-with-netanyahuon-how-to-return-hostages-end-war-3669471,
Neutral,Israel Palestine Conflict,Biztoc.com,Israel's Netanyahu Says Sinwar's Death Doesn't Mean Gaza War Is Over,"Hamas leader Yahya Sinwar was killed by #Israel in Gaza. In a speech, Israel’s Prime Minister Benjamin #Netanyahu confirmed the death and said that Sinwar’s demise isn’t a sign that the war in #Gaza is over. #worldnews #politics #geopolitics Read more:…","Hamas leader Yahya Sinwar was killed by #Israel in Gaza. In a speech, Israels Prime Minister Benjamin #Netanyahu confirmed the death and said that Sinwars demise isnt a sign that the war in #Gaza is … [+106 chars]",https://biztoc.com/x/0864ac89251faf6b,
Neutral,Israel Palestine Conflict,Freerepublic.com,"Netanyahu on Killing of Hamas Leader Yahya Sinwar: ‘Darkness Is in Retreat, Light Is Rising’","Israeli Prime Minister Benjamin Netanyahu addressed his nation on Thursday evening in the wake of confirmation that Israel Defense Forces (IDF) troops had killed Hamas leader Yahya Sinwar, saying a chance had arrived for peace. Netanyahu began by discussing t…","Skip to comments.  Netanyahu on Killing of Hamas Leader Yahya Sinwar: Darkness Is in Retreat, Light Is RisingBreitbart ^   | 10/17/2024   | Joel B. Pollak  Posted on 10/17/2024 11:59:33 AM PDT by Chi… [+1665 chars]",https://freerepublic.com/focus/f-news/4271653/posts,
Neutral,Israel Palestine Conflict,Haaretz,"Netanyahu tells Gaza terrorists: Lay down your arms, free the hostages - and live","Israeli prime minister's offer of immunity hopes to exploit anger of Hamas members toward Yahya Sinwar, who was killed by Israeli forces in the Gaza Strip",Prime Minister Benjamin Netanyahu has offered Hamas terrorists a deal in which they would release the hostages in exchange for free passage out of the Gaza Strip. In a message to the media after the … [+153 chars],https://www.haaretz.com/israel-news/2024-10-18/ty-article/.premium/netanyahu-tells-gaza-terrorists-lay-down-your-arms-free-the-hostages-and-live/00000192-9c62-d2c4-ad9a-fd73c6d50000,
Neutral,Israel American Relations,Fox News,Biden admin issues warning to Netanyahu as Israel holds emergency meeting on Gaza aid,"The U.S. warned Israel on this week that it is ""watching"" Prime Minister Benjamin Netanyahu's actions on delivering aid to Gaza.","President Biden's administration warned Israeli Prime Minister Benjamin Netanyahu that the U.S. will be ""watching"" as Israel conducts an emergency meeting on Gaza aid Thursday.  U.S. Ambassador to th… [+2699 chars]",https://www.foxnews.com/politics/biden-admin-issues-warning-netanyahu-israel-holds-emergency-meeting-gaza-aid,
Neutral,Israel Palestine Conflict,Al Jazeera English,Israel’s Netanyahu vows Gaza war ‘not over’ after Sinwar’s alleged killing,Israeli leader describes alleged killing of Hamas leader as 'beginning of the end' of yearlong conflict.,"Israeli Prime Minister Benjamin Netanyahu has declared that the war in Gaza is not over following the alleged killing of Hamas leader Yahya Sinwar, even as Western leaders expressed hope that his dea… [+4067 chars]",https://www.aljazeera.com/news/2024/10/18/israels-netanyahu-vows-gaza-war-not-over-after-sinwars-alleged-killing,
Neutral,Non-Governmental Opinion,Democracy Now!,Gideon Levy: Death of Sinwar Won't End Israel's War While U.S. Gives Netanyahu Free Rein in Gaza,"Israel announced Thursday it had killed Hamas leader Yahya Sinwar in Gaza, releasing a video allegedly showing Sinwar’s final moments before his death after Israeli forces in Rafah attacked the building he was in. After the announcement, Israeli Prime Ministe…","This is viewer supported news. Please do your part today.  Donate  Israel announced Thursday it had killed Hamas leader Yahya Sinwar in Gaza, releasing a video allegedly showing Sinwar’s final moment… [+689 chars]",https://www.democracynow.org/2024/10/18/gideon_levy,
positive,Non-Governmental Opinion,NBC News,"Sinwar’s killing looks set to boost Netanyahu, the Houdini of Israeli politics","Twelve months ago, Israeli Prime Minister Benjamin Netanyahu had just overseen his country’s worst defense failure ever and faced widespread anger at home and abroad.","Outside of his Cabinet and political base, one charge long leveled against Netanyahu is that he has prioritized his own political survival, playing to his right-wing base by launching wars that sever… [+2311 chars]",https://www.nbcnews.com/news/world/sinwars-killing-boost-netanyahu-israeli-politics-hamas-war-rcna176067,
positive,Non-Governmental Opinion,International Business Times,Sinwar's Killing Boosts Netanyahu But Still No Sign Of War Ending,The killing of Hamas leader Yahya Sinwar is a political victory for Israeli Prime Minister Benjamin Netanyahu but divisions remain in Israel over his strategy for securing the release of hostages.,The killing of Hamas leader Yahya Sinwar is a political victory for Israeli Prime Minister Benjamin Netanyahu but divisions remain in Israel over his strategy for securing the release of hostages.  M… [+4592 chars],https://www.ibtimes.com/sinwars-killing-boosts-netanyahu-still-no-sign-war-ending-3747264,
positive,Israel Palestine Conflict,Yahoo Entertainment,Report: Netanyahu orders more aid deliveries to Gaza,"Israeli Prime Minister Benjamin Netanyahu ordered a significant increase in deliveries for the suffering population in the Gaza Strip, Israeli media reported...","Israeli Prime Minister Benjamin Netanyahu ordered a significant increase in deliveries for the suffering population in the Gaza Strip, Israeli media reported on Friday.  Israeli public broadcaster Ka… [+973 chars]",https://www.yahoo.com/news/report-netanyahu-orders-more-aid-220344999.html,
Neutral,Israel American Relations,Memeorandum.com,Biden tells Netanyahu it's time to end Gaza war after Sinwar's elimination (Barak Ravid/Axios),Barak Ravid / Axios: Biden tells Netanyahu it's time to end Gaza war after Sinwar's elimination … - Israeli and U.S. officials say Sinwar's death on Wednesday creates an opportunity to resume talks on a deal to release the 101 hostages still held by Hamas and…,"memeorandum is an auto-generated summary of the stories that US political commentators are discussing online right now.  Unlike sister sites Techmeme and Mediagazer, it is not a human-edited news out… [+72 chars]",https://www.memeorandum.com/241017/p99,
Neutral,Israel Palestine Conflict,Fortune,Benjamin Netanyahu hails ‘the start of the day after Hamas’ after leader Yahya Sinwar is killed,"Israeli forces in Gaza killed Hamas leader Yahya Sinwar, a chief architect of last year’s attack on Israel that sparked the war, the military said.","Israeli forces in Gaza killed Hamas leader Yahya Sinwar, a chief architect of last years attack on Israel that sparked the war, the military said Thursday. Troops appeared to have run across him unkn… [+6764 chars]",https://fortune.com/2024/10/18/hamas-leader-yahya-sinwar-killed/,
Neutral,Israel American Relations,New York Post,Trump accuses Biden of trying to ‘hold back’ Netanyahu after Israel’s killing of Hamas leader Yahya Sinwar,Former President Donald Trump said Friday that President Biden should allow Israel a free hand in its operations against Hamas following the takeout of terror boss Yahya Sinwar in the Gaza Strip earlier this week.,Former President Donald Trump said Friday that President Biden should allow Israel a free hand in its operations against Hamas following the takeout of terror boss Yahya Sinwar in the Gaza Strip earl… [+3833 chars],https://nypost.com/2024/10/18/us-news/trump-accuses-biden-of-trying-to-hold-back-netanyahu-after-israels-killing-of-hamas-leader-yahya-sinwar/,
Neutral,Israel American Relations,Investing.com,"Trump says Sinwar death makes peace easier, adds he'll speak soon to Netanyahu","Trump says Sinwar death makes peace easier, adds he'll speak soon to Netanyahu",DETROIT (Reuters) - Republican U.S. presidential candidate Donald Trump said on Friday that the death of Palestinian Islamist group Hamas' leader Yahya Sinwar would make prospects of peace easier in … [+260 chars],https://www.investing.com/news/world-news/trump-says-sinwar-death-makes-peace-easier-adds-hell-speak-soon-to-netanyahu-3671556,
Neutral,Israel Palestine Conflict,Biztoc.com,Sinwar's death offers an opening to end the war in Gaza – and a test for Netanyahu,"The killing of Yahya Sinwar is a tactical and symbolic success for Israel, but it's unclear if it will change the course of the conflict in Gaza.","The killing of Yahya Sinwar is a tactical and symbolic success for Israel, but it's unclear if it will change the course of the conflict in Gaza.  This story appeared on nbcnews.com, 2024-10-17 23:41… [+3 chars]",https://biztoc.com/x/c7cb4d8bb61385e5,
Neutral,Israel Palestine Conflict,Investing.com,Netanyahu faces pressure to end fighting in Gaza after killing of Sinwar,Netanyahu faces pressure to end fighting in Gaza after killing of Sinwar,"By James Mackenzie and Jonathan Saul  JERUSALEM (Reuters) - The killing of Israel's most wanted enemy Yahya Sinwar has been hailed as vindication for Prime Minister Benjamin Netanyahu, but in a count… [+5014 chars]",https://www.investing.com/news/world-news/netanyahu-faces-pressure-to-end-fighting-in-gaza-after-killing-of-sinwar-3671316,
Neutral,Israel Palestine Conflict,Biztoc.com,"Israel Kills Sinwar, Netanyahu Vows to Continue Fighting | Horizons Middle East & Africa 10/18/2024","Israel says it has killed Hamas leader, Yahya Sinwar, who was seen as the architect of the October 7 attack. Also on the show: ...","Israel says it has killed Hamas leader, Yahya Sinwar, who was seen as the architect of the October 7 attack. Also on the show: ...  This story appeared on youtube.com, 2024-10-18 06:25:05.",https://biztoc.com/x/f42dd8f0be430c12,
Neutral,Israel Palestine Conflict,Biztoc.com,Netanyahu: ‘Hamas Will No Longer Rule Gaza’ After Yahya Sinwar’s Death | WSJ News,"Hamas leader Yahya Sinwar, a U.S.-designated terrorist, triggered a war with Israel in Gaza in October 2023. Photo: Mahmud ...","Hamas leader Yahya Sinwar, a U.S.-designated terrorist, triggered a war with Israel in Gaza in October 2023. Photo: Mahmud ...  This story appeared on youtube.com, 2024-10-18 05:42:25.",https://biztoc.com/x/001b23b62e04c339,
positive,Israel Palestine Conflict,Digital Journal,Sinwar’s killing boosts Netanyahu but still no sign of war ending,The killing of Hamas leader Yahya Sinwar is a political victory for Israeli Prime Minister Benjamin Netanyahu but divisions remain in Israel over his strategy for securing the release of hostages. More than a year after the Islamist group’s unprecedented atta…,Supporters and relatives of Israelis held hostage by Palestinian militants in Gaza protest outside the Ministry of Defence in Tel Aviv for their release - Copyright AFP Oren ZIV  The killing of Hamas… [+4820 chars],https://www.digitaljournal.com/world/sinwars-killing-boosts-netanyahu-but-still-no-sign-of-war-ending/article,
Neutral,Israel Palestine Conflict,Freerepublic.com,"After Sinwar killing, Netanyahu sees vindication in his Rafah approach","PM and his circle argue that the elimination of the Hamas leader, in the city world leaders said Israel must not invade, shows he knows what he’s doing despite opppsition criticismIn mid-March, US officials told the Politico news site that US President Joe Bi…","Skip to comments.  After Sinwar killing, Netanyahu sees vindication in his Rafah approachThe Times of Israel ^   | Oct. 18, 2024   | LAZAR BERMAN  Posted on 10/18/2024 3:59:15 PM PDT by Mr. Mojo  PM … [+8724 chars]",https://freerepublic.com/focus/f-news/4271894/posts,
Neutral,Non-Governmental Opinion,Newser,"Friedman: Please, Netanyahu, Don't Blow This Opportunity","Just how big is the killing of Hamas leader Yahya Sinwar? ""It is impossible to exaggerate the importance,"" writes New York Times columnist Thomas Friedman. The immediate aftermath of his death could usher in the end of the war in Gaza, as well as the return o…","Just how big is the killing of Hamas leader Yahya Sinwar? ""It is impossible to exaggerate the importance,"" writes New York Times columnist Thomas Friedman. The immediate aftermath of his death could … [+1115 chars]",https://www.newser.com/story/358046/friedman-please-netanyahu-dont-blow-this-opportunity.html,
Neutral,Israel Iran/Lebanon Conflict,Lewrockwell.com,Netanyahu now says he doesn’t want a civil war in Lebanon,"Writes John Leo Keenan: Netanyahu told Le Figaro: “A new civil war in Lebanon would be a tragedy.  It is certainly not our aim to provoke one.  Israel does not intend to interfere in Lebanon’s internal affairs.”  He added, “Our only aim is to allow our citize…",Writes John Leo Keenan:  Netanyahu told Le Figaro: “A new civil war in Lebanon would be a tragedy.  It is certainly not our aim to provoke one.  Israel does not intend to interfere in Lebanons intern… [+1400 chars],https://www.lewrockwell.com/political-theatre/netanyahu-now-says-he-doesnt-want-a-civil-war-in-lebanon/,
Negative,Non-Governmental Opinion,Haaretz,End the war? Netanyahu is set to use Sinwar's death to keep himself in power,"Israel's prime minister got the photo he wanted of the Hamas leader's mangled face, but now it's back to preserving his hard-right coalition. In his statement, he sure couldn't utter the words 'Palestinian Authority' as a player in governing Gaza","Since October 7, every Israeli has wished Hamas leader Yahya Sinwar 1,001 strange and unusual deaths, none of which would have atoned for a single murder of a baby on a kibbutz, a single rape of a re… [+82 chars]",https://www.haaretz.com/israel-news/2024-10-18/ty-article/.premium/end-the-war-netanyahu-is-set-to-use-sinwars-death-to-keep-himself-in-power/00000192-9ed2-d576-af9b-bfde9f790000,
Neutral,Non-Governmental Opinion,Haaretz,Killing Sinwar should end the Gaza war. Netanyahu won't let it happen,"The long overdue killing of Hamas leader Yahya Sinwar, 21 days after the assassination of Hezbollah's Hassan Nasrallah, should the opportunity for Israel to negotiate a hostage deal and a wider regional political settlement. But Benjamin Netanyahu has no inte…","Analysis | The long overdue killing of Hamas leader Yahya Sinwar, 21 days after the assassination of Hezbollah's Hassan Nasrallah, should the opportunity for Israel to negotiate a hostage deal and a … [+110 chars]",https://www.haaretz.com/israel-news/2024-10-18/ty-article/.premium/killing-sinwar-should-end-the-gaza-war-netanyahu-wont-let-it-happen/00000192-9f1d-db12-a1bb-ffffcf120000,
Neutral,Israel American Relations,Haaretz,Netanyahu sees an opportunity to deal with Iran's nukes as Washington worries over being dragged in,"Once the dust settles on the killing of Sinwar, international attention will switch to the Iranian front. In the meantime, the deaths of five IDF soldiers in Lebanon is a reminded that achievements in Gaza do not solve all Israel's problems","The IDF operation in Rafah, in which Hamas leader Yahya Sinwar was killed, took place while Israeli forces continued to fight in southern Lebanon. On Wednesday, evening five Golani commando soldiers … [+310 chars]",https://www.haaretz.com/israel-news/2024-10-18/ty-article/.premium/netanyahu-sees-an-opportunity-to-hit-irans-nukes-as-u-s-frets-over-being-dragged-in/00000192-9ca1-d8fa-a9df-fda9803a0000,
Neutral,Israel Political Affairs,Yahoo Entertainment,"Drone launched at Netanyahu home in northern Israel, spokesman says","JERUSALEM (Reuters) -A drone was launched towards Israeli Prime Minister Benjamin Netanyahu's home in the northern Israeli town of Caesarea on Saturday, his ...","JERUSALEM (Reuters) -A drone was launched towards Israeli Prime Minister Benjamin Netanyahu's home in the northern Israeli town of Caesarea on Saturday, his spokesman said, adding that the premier wa… [+718 chars]",https://www.yahoo.com/news/drone-launched-netanyahu-home-northern-071725640.html,
Neutral,Israel Political Affairs,CBS News,"No injuries after drone strike launched at Netanyahu home, Israel says","Israel's government says a drone was launched toward the prime minister's house, with no casualties.","A drone was launched toward Prime Minister Benjamin Netanyahu's home on Saturday, the Israeli government said.   Sirens wailed Saturday morning, warning of incoming fire from Lebanon. The drone was l… [+5740 chars]",https://www.cbsnews.com/news/drone-strike-benjamin-netanyahu-israel-gaza-lebanon-hamas/,
Neutral,Israel Palestine Conflict,Breitbart News,"Dem Rep.: Netanyahu Should Give Ground in Talks with Hamas, a Deal Will Reshape Israeli Retaliation on Iran","On Friday’s “CNN Newsroom,” Rep. Raja Krishnamoorthi (D-IL) said that it’s time for Israeli Prime Minister Benjamin Netanyahu to be willing to give ground in talks with Hamas and that if a deal in Gaza is struck, “it will also The post Dem Rep.: Netanyahu Sho…","On Friday’s “CNN Newsroom,” Rep. Raja Krishnamoorthi (D-IL) said that it’s time for Israeli Prime Minister Benjamin Netanyahu to be willing to give ground in talks with Hamas and that if a deal in Ga… [+1422 chars]",https://www.breitbart.com/clips/2024/10/19/dem-rep-netanyahu-should-give-ground-in-talks-with-hamas-a-deal-will-reshape-israeli-retaliation-on-iran/,
Neutral,Israel Political Affairs,Mediaite,Netanyahu Declares Nothing Will ‘Deter’ Him After Private Residence Targeted By Drone,"Benjamin Netanyahu declared nothing will deter his fight against the ""terrorist proxies"" of Iran following a UAV being ""launched towards"" his home. The post Netanyahu Declares Nothing Will ‘Deter’ Him After Private Residence Targeted By Drone first appeared o…",Screenshot via Twitter  Israel Prime Minister Benjamin Netanyahu released a video to social media in which he declared nothing will deter his fight against the “terrorist proxies” of Iran following h… [+1789 chars],https://www.mediaite.com/news/netanyahu-declares-nothing-will-deter-him-after-private-residence-targeted-by-drone/,
Neutral,Israel Political Affairs,Fortune,Benjamin Netanyahu says drone that targeted his house was an assassination attempt,Netanyahu’s office said the drone targeted his house in the Mediterranean coastal town of Caesarea. Neither he nor his wife was there. It wasn't clear if the house was hit.,"Israels government said a drone targeted Prime Minister Benjamin Netanyahus house Saturday, with no casualties, as fighting with Lebanon-based Hezbollah and Gaza -based Hamas showed no pause after th… [+6047 chars]",https://fortune.com/2024/10/19/benjamin-netanyahu-home-drone-assassination-attempt-israel-hezbollah-iran/,
Neutral,Israel American Relations,Common Dreams,"Biden Stands Aside as Netanyahu Incinerates Gaza, Now Lebanon","Biden’s bombs and missiles, dropped daily on Lebanon, a U.S. ally, by his puppet master Netanyahu, is wreaking havoc in this small defenseless country. The Israeli genocidal machine is waging an incinerating assault on fleeing civilians and critical facilitie…","Bidens bombs and missiles, dropped daily on Lebanon, a U.S. ally, by his puppet master Netanyahu, is wreaking havoc in this small defenseless country. The Israeli genocidal machine is waging an incin… [+5783 chars]",https://www.commondreams.org/opinion/biden-lebanon-gaza-policy,
Neutral,Israel Iran/Lebanon Conflict,Biztoc.com,Israel's Netanyahu vows to fight on after Hezbollah drone hits his house,Benjamin Netanyahu said Israel would not be deterred after a Hezbollah drone hit his holiday house. The Israeli prime minister ...,"Benjamin Netanyahu said Israel would not be deterred after a Hezbollah drone hit his holiday house. The Israeli prime minister ...  This story appeared on youtube.com, 2024-10-19 16:56:30.",https://biztoc.com/x/03be75c1138857cf,
Neutral,Israel Iran/Lebanon Conflict,Freerepublic.com,"Israel will respond to attempted assassination of Netanyahu, diplomatic source says","Israel plans to retaliate for the attempted assassination of Prime Minister Benjamin Netanyahu by the Iranian proxy group Hezbollah, a diplomatic source told The Jerusalem Post on Saturday night, explaining that ultimately Tehran was responsible. The source s…","Skip to comments.  Israel will respond to attempted assassination of Netanyahu, diplomatic source saysJPost ^   | October 19, 2024   | Tovah Lazaroff  Posted on 10/19/2024 11:05:27 AM PDT by KingofZi… [+2023 chars]",https://freerepublic.com/focus/f-news/4272026/posts,
Neutral,Israel Iran/Lebanon Conflict,Breitbart News,Netanyahu Warns Iran: 'Assassination Attempt' Was 'Grave Mistake',"Israeli Prime Minister Benjamin Netanyahu warned Iran on Saturday after a Hezbollah drone targeted his private residence in Caesaria, Israel, that its ""assassination attempt"" was a ""grave mistake."" The post Netanyahu Warns Iran: ‘Assassination Attempt’ Was ‘G…","Israeli Prime Minister Benjamin Netanyahu warned Iran on Saturday after a Hezbollah drone targeted his private residence in Caesaria, Israel, that its “assassination attempt” was a “grave mistake.”  … [+1855 chars]",https://www.breitbart.com/middle-east/2024/10/19/netanyahu-warns-iran-assassination-attempt-was-grave-mistake/,
Neutral,Israel Local Affairs,Haaretz,'The war's goal has been met': Families demand Netanyahu strike hostage deal after Sinwar killing,"'It's time to present a new Israeli initiative for the hostages' release and end the war,' said family members of hostages,' adding that 'Netanyahu's allies are focused on establishing settlements in Gaza instead of returning our loved ones through a deal'","Protests Across Israel | 'It's time to present a new Israeli initiative for the hostages' release and end the war,' said family members of hostages,' adding that 'Netanyahu's allies are focused on es… [+81 chars]",https://www.haaretz.com/israel-news/2024-10-19/ty-article/.premium/the-wars-goal-has-been-met-families-demand-hostage-deal-after-sinwar-killing/00000192-a54d-da5c-a9b7-f55d36c90000,
Neutral,Israel Iran/Lebanon Conflict,Haaretz,Assassination attempt on Netanyahu could shape Israel's actions in Lebanon and Iran,Saturday's drone strike targeting Netanyahu's house highlights Iran's and Hezbollah's sophisticated intelligence-gathering capabilities ■ It's hard to predict how Sinwar's killing will affect a cease-fire deal to bring Israeli hostages home,"This will apparently be a stormier week than usual in the Middle East, even by the standard of recent events. Hezbollah, possibly with Iranian assistance, launched a drone from Lebanon on Saturday mo… [+113 chars]",https://www.haaretz.com/israel-news/2024-10-19/ty-article/.premium/assassination-attempt-on-netanyahu-could-shape-israels-actions-in-lebanon-and-iran/00000192-a5b2-dfa7-adb7-fdfa0b850000,
Neutral,Israel Iran/Lebanon Conflict,Haaretz,"Hezbollah drone hits Caesarea home; Netanyahu residence was target, PMO says",Prime Minister Benjamin Netanyahu and his wife were not present on site at the time of the attack ■ Eyewitness: 'I saw the drone arrives and heard it hit' ■ The Shin Bet security service convenes an urgent situation assessment,"A drone was launched on Saturday from Lebanon toward Prime Minister Benjamin Netanyahu's private residence in the central Israeli city of Caesarea, according to a statement by the prime minister's of… [+4 chars]",https://www.haaretz.com/israel-news/2024-10-19/ty-article/.premium/hezbollah-drone-hits-caesarea-home-netanyahu-residence-was-target-pmo-says/00000192-a3b2-d2d8-a7df-f3b23e310000,
Neutral,Israel Political Affairs,Newser,Netanyahu Speaks Out After 'Assassination' Attempt,"Israel's government said a drone targeted Prime Minister Benjamin Netanyahu's house Saturday, with no casualties, as fighting with Lebanon-based Hezbollah and Gaza-based Hamas showed no pause after the killing of the Hamas mastermind of last year's Oct. 7 att…","Hezbollah didn't claim responsibility for the drone attack, but said it carried out several rocket attacks on northern and central Israel. The barrage came as Israel is expected to respond to an atta… [+529 chars]",https://www.newser.com/story/358067/netanyahu-speaks-out-after-assassination-attempt.html,
positive,israel iran/Lebanon Conflict,Fox News,Netanyahu promises retaliation following assassination attempt by Hezbollah,"Israeli Prime Minister Benjamin Netanyahu warned Hezbollah that its alleged attempt to assassinate him and his wife was a ""grave mistake.""","Israeli Prime Minister Benjamin Netanyahu issued a warning to Hezbollah following its alleged assassination attempt against him and his wife, calling it a ""grave mistake.""  ""The attempt by Irans prox… [+3515 chars]",https://www.foxnews.com/world/netanyahu-promises-retaliation-following-assassination-attempt-hezbollah,
Neutral,Israel Palestine Conflict,Al Jazeera English,Why Netanyahu won’t let Israel stop fighting after killing Hamas’s Sinwar,"The Israeli PM has seized every opportunity to expand the fighting, and to sink any possible ceasefires.","Beirut, Lebanon Israeli forces killed Hamas leader Yahya Sinwar in combat on Wednesday in a surprise shootout in Rafah.  The news raised some hopes among Western commentators that the killing may be … [+7162 chars]",https://www.aljazeera.com/news/2024/10/20/why-netanyahu-wont-let-israel-stop-fighting-after-killing-hamass-sinwar,
positive,Israel American Relations,Breitbart News,"Trump: Netanyahu Is Winning by Doing the Opposite of What Biden, Harris Say","Trump: ""If you did the exact opposite of what [Biden] suggested every single time, you'd go down as the greatest foreign policy president in history."" The post Trump: Netanyahu Is Winning by Doing the Opposite of What Biden, Harris Say appeared first on Breit…",Former President Donald Trump told a rally in Pennsylvania Saturday that Israel was succeeding in its war because Prime Minister Benjamin Netanyahu did the opposite of what President Joe Biden and Vi… [+2530 chars],https://www.breitbart.com/politics/2024/10/19/trump-netanyahu-winning-by-doing-the-opposite-of-what-biden-harris-say/,
positive,Non-Governmental Opinion,Naturalnews.com,"Meet Barak Ravid, the Israeli spy who writes American “news” praising Netanyahu","One of the loudest voices telling Americans that what Benjamin Netanyahu is doing in the Middle East is a good thing has turned out to be an Israeli spy embedded within the media establishment. Up until recently, anyway, Barak Ravid was an analyst with Unit 8…",One of the loudest voices telling Americans that what Benjamin Netanyahu is doing in the Middle East is a good thing has turned out to be an Israeli spy embedded within the media establishment.  Up u… [+5802 chars],https://www.naturalnews.com/2024-10-20-meet-barak-ravid-israeli-spy-american-news.html,
Neutral,Israel Iran/Lebanon Conflict,Fortune,Israel hones plans to attack Iran after attempt on Netanyahu,"“There is no doubt that another red line has been crossed here,” Foreign Minister Israel Katz said. “We must defeat Iran’s ability to pose a threat.”","A day after a Hezbollah drone penetrated Israels air defenses and exploded next to the private home of Prime Minister Benjamin Netanyahu, he held a series of meetings with top security aides to discu… [+4186 chars]",https://fortune.com/2024/10/20/israel-attack-plan-iran-drone-benjamin-netanyahu-assassination-attempt/,
Neutral,Israel Iran/Lebanon Conflict,Financial Post,Israel Hones Plans to Attack Iran After Attempt on Netanyahu,"A day after a Hezbollah drone penetrated Israel’s air defenses and exploded next to the private home of Prime Minister Benjamin Netanyahu, he held a series of meetings with top security aides to discuss the next attack on Iran.","A day after a Hezbollah drone penetrated Israels air defenses and exploded next to the private home of Prime Minister Benjamin Netanyahu, he held a series of meetings with top security aides to discu… [+7528 chars]",https://financialpost.com/pmn/business-pmn/israel-hones-plans-to-attack-iran-after-attempt-on-netanyahu,
Neutral,Israel American Relations,Investing.com,"Netanyahu told Trump Israel will make decisions based on its interests, his office says","Netanyahu told Trump Israel will make decisions based on its interests, his office says","JERUSALEM (Reuters) - Israeli Prime Minister Benjamin Netanyahu spoke with former U.S. President Donald Trump, the prime minister's office said on Sunday.  ""Prime Minister Netanyahu reiterated what h… [+176 chars]",https://www.investing.com/news/world-news/netanyahu-told-trump-israel-will-make-decisions-based-on-its-interests-his-office-says-3671901,
Neutral,Israel American Relations,Freerepublic.com,"Biden, Harris Fail to Call Netanyahu After Assassination Attempt; Trump, Starmer, Johnson Do","President Joe Biden and Vice President Kamala Harris both failed to call Israeli Prime Minister Benjamin Netanyahu after an Iranian-backed assassination attempt by Hezbollah on Saturday when a drone hit his private residence. As Breitbart News reported, Hezbo…","Skip to comments.  Biden, Harris Fail to Call Netanyahu After Assassination Attempt; Trump, Starmer, Johnson DoBreitbart ^   | 10/20/2024   | Joel B Pollack  Posted on 10/20/2024 6:15:10 AM PDT by Ch… [+1704 chars]",https://freerepublic.com/focus/f-news/4272142/posts,
Neutral,israel iran/Lebanon Conflict,Freerepublic.com,Israeli PM Netanyahu TARGETED by Iran & Hezbollah ASSASSINATION Attempt | Watchman Newscast LIVE (VIDEO REPLAY),Israel says that Iran was behind a drone strike targeting Prime Minister Benjamin Netanyahu’a home on Saturday. Netanyahu said in a statement: “The agents of Iran who tried to assassinate me and my wife today made a bitter mistake.” How will Israel respond to…,Skip to comments.  Israeli PM Netanyahu TARGETED by Iran &amp; Hezbollah ASSASSINATION Attempt | Watchman Newscast LIVE (VIDEO REPLAY)  Erick Stakelbeck on TBN YouTube Channel ^   | Streamed live 14 … [+2115 chars],https://freerepublic.com/focus/f-religion/4272122/posts,
Neutral,Israel American Relations,Freerepublic.com,Sanders: Trump will be ‘closer to Netanyahu’ over Gaza if reelected,"Sen. Bernie Sanders (I-Vt.) said Sunday he believes former President Trump will be similar to Israeli Prime Minister Benjamin Netanyahu if he is reelected. “To those people who are saying, ‘well, I can’t support Harris because she disagrees [with] Trump on th…",Skip to comments.  Sanders: Trump will be closer to Netanyahu over Gaza if reelectedBreitbart ^   | 10/20/2024   | LAUREN IRWIN  Posted on 10/20/2024 11:09:38 AM PDT by ChicagoConservative27  Sen. Be… [+2831 chars],https://freerepublic.com/focus/f-news/4272193/posts,
Neutral,Israel Palestine Conflict,Haaretz,IDF rebuffs Hamas claims 80 killed in northern Gaza strike; Iran: Hezbollah targeted Netanyahu home,"One killed, 10 wounded as over 180 Hezbollah rockets fired at northern Israel ■ Israeli military spokesman shoots down rumors of hostage rescue ■ Lebanese report: Israel strikes in Beirut's Dahiyeh for first time since Wednesday ■ Fire department: Multiple fi…","Here's what you need to know ahead of day 379 of the war:  Sgt. Maj. (res.) Netanel Greenbaum, a 38-year-old from Lod, has died after being wounded in southern Lebanon on October 9. He was a member o… [+1251 chars]",https://www.haaretz.com/israel-news/2024-10-20/ty-article-live/idf-rebuffs-hamas-claims-80-killed-in-gaza-strike-iran-hezbollah-targeted-netanyahu-home/00000192-a773-d049-a3db-bf77954d0000,
Neutral,israel iran/Lebanon Conflict,Democracy Now!,Will Netanyahu Incite a War with Iran? Leaked U.S. Docs Detail Israel's Attack Plans,"The Biden administration has launched a probe after highly classified U.S. intelligence documents were posted online showing that Israel is taking steps to launch a retaliatory attack against Iran. Meanwhile, a drone hit Benjamin Netanyahu’s seaside home Satu…",This is viewer supported news. Please do your part today.  Donate  The Biden administration has launched a probe after highly classified U.S. intelligence documents were posted online showing that Is… [+559 chars],https://www.democracynow.org/2024/10/21/us_israeli_plans_to_attack_iran,
Neutral,Israel American Relations,Slate Magazine,Why Trump’s Phone Call With Netanyahu Is So Alarming,"If the story is true, Trump committed not only an act of diplomatic recklessness but also, quite possibly, a federal crime.","Donald Trump told a crowd of supporters that he spoke with Israeli Prime Minister Benjamin Netanyahu on Saturday, mainly about the Middle East wars. According to Trump, the Israeli leader said he dis… [+7098 chars]",https://slate.com/news-and-politics/2024/10/us-israel-trump-phone-call-netanyahu-gaza-cease-fire-2024-election.html,
Neutral,Israel Palestine Conflict,Naturalnews.com,"Israeli government under Netanyahu rejects all ceasefire talks, pushes to ANNEX GAZA into Greater Israel","The true intentions of Israeli Prime Minister Benjamin Netanyahu for Gaza are on the table after Israel revealed that it has no plans to agree to a ceasefire, no matter the terms. Israeli defense officials told Haaretz over the weekend that the war will conti…","The true intentions of Israeli Prime Minister Benjamin Netanyahu for Gaza are on the table after Israel revealed that it has no plans to agree to a ceasefire, no matter the terms.  Israeli defense of… [+3464 chars]",https://www.naturalnews.com/2024-10-21-israel-netanyahu-reject-ceasefire-annex-gaza.html,
Negative,Non-American Israel Relations ,CounterPunch,Macron v. Netanyahu: a Growing Rift Over Gaza,"It took nearly a year for French President Emmanuel Macron to confront the uncomfortable truth: the path to peace in Gaza cannot be paved with more weapons to Israel. His recent remarks, sharp and unapologetic, reflected the urgency of shifting away from mili…",French President Emmanuel Macron with Israeli President Isaac Herzog. Photograph Source: Kobi Gideon – CC BY-SA 4.0  It took nearly a year for French President Emmanuel Macron to confront the uncomfo… [+5477 chars],https://www.counterpunch.org/2024/10/21/macron-v-netanyahu-a-growing-rift-over-gaza/,
Neutral,Non-Governmental Opinion,Investing.com,Exclusive-Top UN officials to Netanyahu: Help us ease civilian suffering,Exclusive-Top UN officials to Netanyahu: Help us ease civilian suffering,By Michelle Nichols  NEW YORK (Reuters) - The heads of the United Nations World Food Programme and U.N. children's agency UNICEF have privately appealed to Israeli Prime Minister Benjamin Netanyahu f… [+4722 chars],https://www.investing.com/news/world-news/exclusivetop-un-officials-to-netanyahu-help-us-ease-civilian-suffering-3673820,
Neutral,Israel Palestine Conflict,Freerepublic.com,BREAKING: Sinwar Eliminated & Attempted Assassination of Netanyahu | TBN Israel (VIDEO),"TBN Israel's Yair Pinto reports on the Israel-Hamas & Hezbollah War. Israelis are celebrating the elimination of Yahya Sinwar, Hamas' overall leader and mastermind behind the October 7th massacre. Prime Minister Netanyahu declares this as the ""beginning of th…","Skip to comments.  BREAKING: Sinwar Eliminated &amp; Attempted Assassination of Netanyahu | TBN Israel (VIDEO)TBN Israel YouTube Channel ^   | Oct 20, 2024 - 1 hour ago (as of this posting)   | TBN I… [+2686 chars]",https://freerepublic.com/focus/f-religion/4272271/posts,
Neutral,israel iran/Lebanon Conflict,Freerepublic.com,Triple saturation: Hezbollah's new tactic behind attack on Netanyahu residence,"Hezbollah is entering a ""new and advanced phase of confrontation"" with Israel, the Lebanese news agency Nour News, affiliated with the terrorist group, announced Friday. The escalation became evident overnight, particularly after a drone strike targeting the …",Skip to comments.  Triple saturation: Hezbollah's new tactic behind attack on Netanyahu residenceYnet ^   | 10/19/24   | Ron Ben Yeshai  Posted on 10/21/2024 5:25:55 AM PDT by hardspunned  Hezbollah … [+2572 chars],https://freerepublic.com/focus/f-news/4272286/posts,
Neutral,israel iran/Lebanon Conflict,Freerepublic.com,Israel vows Iran will ‘pay’ for Hezbollah attack on Netanyahu home; Tehran distances itself,"Israeli politicians aimed their rhetoric in Iran’s direction on Saturday evening, vowing Tehran would “pay a price” for a drone attack by Tehran’s Lebanese proxy Hezbollah that targeted the home of Prime Minister Benjamin Netanyahu, as the Islamic Republic so…","Skip to comments.  Israel vows Iran will pay for Hezbollah attack on Netanyahu home; Tehran distances itselfTimes of Israel ^   | October 20, 2024   | Sam Sokol  Posted on 10/21/2024 11:40:07 AM PDT … [+10003 chars]",https://freerepublic.com/focus/f-news/4272391/posts,
Negative,Israel Local Affairs,Haaretz,Netanyahu said Israel won't resettle Gaza. His own ministers tell a different story,"It might have been possible to dismiss the 'Preparing to Resettle Gaza' conference as the collective rantings of a fringe group of extremists with no actual power to affect policy, were it not for one thing: the lineup of speakers","On Monday morning, hundreds of settlement-supporting Israelis, many with their gaggle of young children in tow, headed down to the southern border for a special Sukkot-themed celebration. Over two da… [+151 chars]",https://www.haaretz.com/israel-news/haaretz-today/2024-10-21/ty-article/.highlight/netanyahu-said-israel-wont-resettle-gaza-his-own-ministers-tell-a-different-story/00000192-af2f-d7bf-a7d2-af6fa86e0000,
positive,Israel American Relations,Westernjournal.com,Netanyahu Ignored Kamala Harris' Advice and Won a Stunning Victory Against Hamas,"""Had Prime Minister Netanyahu listened to Biden and Harris and not entered Rafah, we may have never reached Sinwar.""","When Vice President Kamala Harris congratulated Israeli Prime Minister Benjamin Netanyahu last week on a huge victory over the Hamas terrorist group, she never mentioned that it came as a direct resu… [+3219 chars]",https://www.westernjournal.com/netanyahu-ignored-kamala-harris-advice-won-stunning-victory-hamas/,
Negative,legal Affairs,Variety,‘The Bibi Files’ – the Docu That Benjamin Netanyahu Doesn’t Want You to See – to Launch on Jolt (EXCLUSIVE),"“The Bibi Files,” a documentary about Benjamin Netanyahu that features never-before-seen video of the Israeli Prime Minister being interrogated by police on corruption allegations that led to his indictment in 2019, will be available to stream on Jolt.film be…","“The Bibi Files,” a documentary about Benjamin Netanyahu that features never-before-seen video of the Israeli Prime Minister being interrogated by police on corruption allegations that led to his ind… [+6101 chars]",https://variety.com/2024/film/news/the-bibi-files-netanyahu-launch-jolt-1236180800/,
Neutral,Israel Iran/Lebanon Conflict,Al Jazeera English,Hezbollah claims responsibility for drone attack on Netanyahu holiday home,Hezbollah spokesman also acknowledges that some of the group's fighters have been taken captive by the Israeli military.,The Lebanese armed group Hezbollah has claimed responsibility for a drone attack last week on Israeli Prime Minister Benjamin Netanyahus holiday residence in Caesarea in northern Israel.  The Islamic… [+1632 chars],https://www.aljazeera.com/news/2024/10/22/hezbollah-takes-responsibility-for-drone-attack-on-netanyahu-holiday-home,
Neutral,Israel American Relations,CBS News,Blinken to meet with Netanyahu in Israel,U.S. Secretary of State Antony Blinken is scheduled to meet with Israeli Prime Minister Benjamin Netanyahu Tuesday in Israel as the White House tries to revive hostage release talks in the wake of Hamas leader Yahya Sinwar's killing. CBS News senior White Hou…,"Watch CBS News  Copyright ©2024 CBS Interactive Inc. All rights reserved.  Get browser notifications for breaking news, live events, and exclusive reporting.  Not NowTurn On",https://www.cbsnews.com/video/blinken-to-meet-with-netanyahu-in-israel/,
Neutral,legal Affairs,Breitbart News,Report: ICC Prosecutor Seeking Netanyahu Arrest Faces Sexual Misconduct Allegation,"International Criminal Court (ICC) officials confirmed to the Daily Mail this weekend that they had been made aware of an alleged accusation of sexual harassment against top prosecutor Karim Khan, who himself denied any wrongdoing and suggested he and his fam…","International Criminal Court (ICC) officials confirmed to the Daily Mail this weekend that they had been made aware of an alleged accusation of sexual harassment against top prosecutor Karim Khan, wh… [+6987 chars]",https://www.breitbart.com/middle-east/2024/10/21/report-icc-prosecutor-seeking-netanyahu-arrest-faces-sexual-misconduct-allegation/,
Neutral,Israel American Relations,CBS News,"Blinken meets with Netanyahu, seeks to revive Israel, Hamas cease-fire negotiations",Secretary of State Antony Blinken is in Israel where he met with Prime Minister Benjamin Netanyahu. Blinken is in the Middle East hoping to revive Israel and Hamas cease-fire negotiations. CBS News' Ramy Inocencio has the latest on conflict in the Middle East…,"Watch CBS News  Copyright ©2024 CBS Interactive Inc. All rights reserved.  Get browser notifications for breaking news, live events, and exclusive reporting.  Not NowTurn On",https://www.cbsnews.com/video/blinken-meets-with-netanyahu-seeks-to-revive-israel-hamas-cease-fire-negotiations/,
Neutral,Non-Governmental Opinion,Hoover.org,How Will History Judge Netanyahu?,"At home, the left sees him as cynical, conniving and corrupt, while the right sees him as tired, weak and unambitious. Abroad, he is almost universally loathed and distrusted. And yet no one can deny his Machiavellian mastery of the dirty game of politics, do…","ArticlesAt home, the left sees him as cynical, conniving and corrupt, while the right sees him as tired, weak and unambitious. Abroad, he is almost universally loathed and distrusted. And yet no one … [+147 chars]",https://www.hoover.org/research/how-will-history-judge-netanyahu,
Neutral,Israel American Relations,Yahoo Entertainment,Blinken urges Netanyahu to 'capitalize on Israel’s successful action',,"If you click 'Accept all', we and our partners, including 237 who are part of the IAB Transparency &amp; Consent Framework, will also store and/or access information on a device (in other words, use … [+678 chars]",https://consent.yahoo.com/v2/collectConsent?sessionId=1_cc-session_a9752a08-1dea-4c7f-9af2-49e77b3ffca7,
Neutral,israel iran/Lebanon Conflict,New York Post,Chilling photo shows how close Hezbollah could have come to killing Netanyahu – cracking his bedroom window,"Hezbollah got shockingly close in its attempt to kill Israeli Prime Minister Benjamin Netanyahu, with their explosive drone cracking his bedroom window, according to a chilling image of the aftermath.",A chilling photo shows how close Hezbollah could have come to killing Israeli Prime Minister Benjamin Netanyahu — with an explosive drone cracking his bedroom window.  The Israeli military allowed lo… [+2358 chars],https://nypost.com/2024/10/22/world-news/photo-shows-how-close-hezbollah-could-have-come-to-killing-netanyahu/,
Neutral,Israel American Relations,Financial Post,Blinken and Netanyahu Agree Sinwar’s Death Opens Possibilities,The US’s top diplomat and Israel’s Prime Minister Benjamin Netanyahu agreed Tuesday that the killing of Hamas leader Yahya Sinwar opens new possibilities for ending the conflict in the Gaza Strip but gave no indication that a 2 1/2-hour meeting yielded an acc…,The USs top diplomat and Israels Prime Minister Benjamin Netanyahu agreed Tuesday that the killing of Hamas leader Yahya Sinwar opens new possibilities for ending the conflict in the Gaza Strip but g… [+7431 chars],https://financialpost.com/pmn/business-pmn/blinken-and-netanyahu-agree-sinwars-death-opens-possibilities,
Neutral,Israel American Relations,Biztoc.com,Antony Blinken arrives in Israel for talks with Benjamin Netanyahu,"Antony Blinken arrives in Israel for talks with Benjamin Netanyahu Financial Times HSBC merges commercial, investment banking units, names first female CFO Reuters HSBC names first female chief financial officer, unveils a major overhaul CNN HSBC chief George…","Antony Blinken arrives in Israel for talks with Benjamin Netanyahu Financial TimesHSBC merges commercial, investment banking units, names first female CFO ReutersHSBC names first female chief financi… [+152 chars]",https://biztoc.com/x/2a144ccf7b43ce6e,
Neutral,Israel American Relations,Biztoc.com,Blinken to hold talks with Netanyahu in Israel,Biden administration tries to revive stalled talks to end war in Gaza,"Biden administration tries to revive stalled talks to end war in Gaza  This story appeared on ft.com, 2024-10-22 06:07:41.",https://biztoc.com/x/fa77bcdad0a1535f,
Neutral,Israel American Relations,Biztoc.com,Blinken Seeks To 'Temper' Coming Strike On Iran In 2-Hour Meeting With Netanyahu,"Blinken Seeks To 'Temper' Coming Strike On Iran In 2-Hour Meeting With Netanyahu   US Secretary of State Antony Blinken is in Israel on Tuesday for what is his 11th visit to the region since the start of the Gaza war. He's expected to later travel to Jordan, …",Blinken Seeks To 'Temper' Coming Strike On Iran In 2-Hour Meeting With Netanyahu  US Secretary of State Antony Blinken is in Israel on Tuesday for what is his 11th visit to the region since the start… [+145 chars],https://biztoc.com/x/914dcbd5d7cb866c,
Neutral,Israel American Relations,Haaretz,Blinken urges Israel to increase humanitarian aid to northern Gaza in meeting with Netanyahu,"After meeting with Netanyahu, the State Department emphasized that Israel must ensure aid 'reaches civilians across Gaza.' Sources say the cabinet is considering coordinating aid convoys with private security services, aiming to resolve the dispute with the U…","After meeting with Netanyahu, the State Department emphasized that Israel must ensure aid 'reaches civilians across Gaza.' Sources say the cabinet is considering coordinating aid convoys with private… [+73 chars]",https://www.haaretz.com/israel-news/2024-10-22/ty-article/.premium/blinken-urges-israel-to-increase-aid-to-northern-gaza-in-meeting-with-netanyahu/00000192-b57d-d542-a9ba-b57f68ef0000,
Neutral,Israel American Relations,Digital Journal,Trump boasts of near daily conversations with Netanyahu,"Donald Trump boasted on Wednesday of almost daily conversations with Benjamin Netanyahu, saying that he has a very good relationship with the Israeli prime minister. Trump has previously cast himself as Israel’s “protector” and said Netanyahu’s government mus…",Donald Trump reported regular conversations with Israeli Prime Minister Benjamin Netanyahu - Copyright AFP William WEST  Donald Trump boasted on Wednesday of almost daily conversations with Benjamin … [+1009 chars],https://www.digitaljournal.com/world/trump-boasts-of-near-daily-conversations-with-netanyahu/article,
Neutral,Israel American Relations,Haaretz,Blinken: Netanyahu pledged no permanent Israeli presence in Gaza,"Following his visit to Israel, Blinken emphasized that the Biden administration is strongly opposed to any plan to remove the civilian population from northern Gaza. According to Blinken, Israel has increased the amount of aid entering Gaza in response to U.S…","Following his visit to Israel, Blinken emphasized that the Biden administration is strongly opposed to any plan to remove the civilian population from northern Gaza. According to Blinken, Israel has … [+90 chars]",https://www.haaretz.com/israel-news/2024-10-23/ty-article/.premium/blinken-netanyahu-pledged-no-permanent-israeli-presence-in-gaza/00000192-b954-d5f0-a1bf-fb75eb3b0000,
Negative,Non-Governmental Opinion,Haaretz,Hezbollah's drone attack on his home is the latest chance for Netanyahu to play the victim,"The prime minister sees conspiracies against him everywhere. So to him, 'the hostages, soldiers, civilians – they're all pawns in a cynical game,' said someone who knows Bibi well","The hostages are rotting in the tunnels, the residents of the north are exiles in their own country, and soldiers are being killed at a dizzying pace. But of course, Sunday night's cabinet meeting be… [+105 chars]",https://www.haaretz.com/israel-news/2024-10-23/ty-article/.premium/hezbollahs-drone-attack-on-his-home-is-the-latest-chance-for-netanyahu-to-play-the-victim/00000192-b971-dac5-afdb-bf79112d0000,
Negative,Non-Governmental Opinion,Haaretz,"Any sane, responsible leader would try to end the war. Not Netanyahu","When the Israeli prime minister talks about 'revival,' there is only one thing on his mind ■ The idea of resettling the Gaza Strip is well on the way to being normalized ■ Israel's housing minister, the poster boy for parasitism, has set a new world record in…","The Jewish calendar now has two additional commemorative holidays on top of the October 7 date that had been established to mark the Hamas massacre. One is the governmental memorial day, which has be… [+230 chars]",https://www.haaretz.com/israel-news/2024-10-23/ty-article/.premium/any-sane-responsible-leader-would-try-to-end-the-war-not-netanyahu/00000192-b589-dcbd-ab92-b5fbb59f0000,
Negative,Non-Governmental Opinion,Naturalnews.com,JEWS HIDING GENOCIDE: Netanyahu adviser Jordana Cutler appointed as chief of Facebook’s U.S. censorship unit on Israel and Palestine,"It has come to light that the head of Facebook’s censorship division on matters relating to Israel and Palestine is none other than long-time senior Israeli government official and adviser to Benjamin Netanyahu and the Likud party, Jordana Cutler. The Interce…",It has come to light that the head of Facebook's censorship division on matters relating to Israel and Palestine is none other than long-time senior Israeli government official and adviser to Benjami… [+3601 chars],https://www.naturalnews.com/2024-10-24-netanyahu-advisor-jordana-cutler-facebook-censorship-israel.html,
Negative,Non-Governmental Opinion,Breitbart News,Austin: 'Won't Comment' on if Netanyahu Is Reliable Ally,"During an interview with the Fox News Channel that took place on Tuesday and was released on Wednesday on the “Fox News Rundown” podcast “Evening Edition,” Secretary of Defense Lloyd Austin said that he won’t comment on if Israeli Prime The post Austin: ‘Won’…","During an interview with the Fox News Channel that took place on Tuesday and was released on Wednesday on the “Fox News Rundown” podcast “Evening Edition,” Secretary of Defense Lloyd Austin said that… [+1944 chars]",https://www.breitbart.com/clips/2024/10/24/austin-wont-comment-on-if-netanyahu-is-reliable-ally/,
Negative,Israel American Relations,The New Republic,Trump Praised Netanyahu in Call After One of Israel’s Worst Attacks,"Despite his recent overtures to Muslim and Arab American voters, Donald Trump privately encouraged Benjamin Netanyahu in a phone call earlier this month to “do what you have to do.”   The Washington Post reported Friday the former president told the Israeli p…","Robinson morphed into a political pariah after CNN published a sprawling investigation last month about his pre-politics proclivities, which included writing in online pornographic forums that he had… [+1710 chars]",https://newrepublic.com/post/187577/trump-praise-netanyahu-call,
positive,legal Affairs,Newsweek,War Crimes Prosecutor Who Charged Netanyahu Accused of Sexual Misconduct,"Karim Khan, a prosecutor at the Hague, faces accusations of sexual misconduct involving an aide, which he denies.","The chief prosecutor who pursued war crimes charges against Israeli Prime Minister Benjamin Netanyahu has been accused of sexual misconduct.  Karim Khan has denied the allegations, calling them ""comp… [+5306 chars]",https://www.newsweek.com/karim-khan-hague-prosecutor-netanyahu-misconduct-allegations-1975148,
Neutral,Israel American Relations,Memeorandum.com,Trump signals support in call with Netanyahu: 'Do what you have to do' (Washington Post),Washington Post: Trump signals support in call with Netanyahu: ‘Do what you have to do’  —  Trump offers Israel his backing in wars with Hamas and Hezbollah even as his campaign seeks Arab American votes.  —  Republican presidential nominee Donald Trump expre…,"memeorandum is an auto-generated summary of the stories that US political commentators are discussing online right now.  Unlike sister sites Techmeme and Mediagazer, it is not a human-edited news out… [+72 chars]",https://www.memeorandum.com/241025/p81,
Neutral,legal Affairs,ABC News,International court prosecutor who charged Netanyahu faces sexual misconduct accusation,"As the International Criminal Court’s top prosecutor sought war crimes charges this year against Israeli Prime Minister Benjamin Netanyahu, he was engulfed in a behind-the-scenes personal crisis","THE HAGUE, Netherlands -- As the International Criminal Courts top prosecutor sought war crimes charges this year against Israeli Prime Minister Benjamin Netanyahu over actions in Gaza, he was engulf… [+11886 chars]",https://abcnews.go.com/International/wireStory/international-court-prosecutor-charged-netanyahu-faces-sexual-misconduct-115137206,
Neutral,legal Affairs,ABC News,One of 3 judges weighing request for ICC arrest warrants against Netanyahu and others is replaced,"The presiding judge of an International Criminal Court panel considering a request to issue arrest warrants for Israeli Prime Minister Benjamin Netanyahu, his defense minister and senior Hamas leaders has been replaced on medical grounds","THE HAGUE, Netherlands -- The presiding judge of an International Criminal Court panel considering a request to issue arrest warrants for Israeli Prime Minister Benjamin Netanyahu, his defense minist… [+3071 chars]",https://abcnews.go.com/International/wireStory/3-judges-weighing-request-icc-arrest-warrants-netanyahu-115148870,
Neutral,legal Affairs,New York Post,International court prosecutor who charged Netanyahu accused of sexual misconduct by aide,Court officials have said they may have been made as part of an Israeli intelligence smear campaign.,"As the International Criminal Courts top prosecutor sought war crimes charges this year against Israeli Prime Minister Benjamin Netanyahu over actions in Gaza, he was engulfed in a very different per… [+12221 chars]",https://nypost.com/2024/10/25/world-news/international-court-prosecutor-karim-khan-who-charged-netanyahu-faces-sexual-misconduct-accusation/,
Neutral,legal Affairs,Investing.com,War crimes court replaces judge in Netanyahu arrest case on health grounds,War crimes court replaces judge in Netanyahu arrest case on health grounds,By Stephanie van den Berg  THE HAGUE (Reuters) -The International Criminal Court (ICC) said on Friday it had replaced one of the judges deciding on a prosecution request for an arrest warrant for Isr… [+926 chars],https://www.investing.com/news/world-news/war-crimes-court-replaces-judge-in-netanyahu-arrest-case-on-health-grounds-3683929,
Neutral,Israel American Relations,Freerepublic.com,Trump signals support in call with Netanyahu: ‘Do what you have to do’,Republican presidential nominee Donald Trump expressed support for Israel’s offensives against Hamas and Hezbollah in a recent call with the country’s prime minister — a position that could complicate his campaign’s outreach to Arab Americans claiming he oppo…,"Skip to comments.  Trump signals support in call with Netanyahu: Do what you have to doThe Washington Post ^   | October 25, 2024 at 2:50 p.m. ED   | Isaac Arnsdorf , Josh Dawsey , John Hudson and Mi… [+4684 chars]",https://freerepublic.com/focus/f-chat/4273467/posts,
Negative,Non-Governmental Opinion,Haaretz,"The IDF gave Israel's government a victory image, but Netanyahu only has eyes for Iran","After reports of a postponement, it now seems everything in place for Israel and Iran to trade ballistic attacks ■ Ironically, after recent successes, Israel is stuck with images that are no victory and is sinking into the far-right quagmire ■ And while the g…","Analysis | After reports of a postponement, it now seems everything in place for Israel and Iran to trade ballistic attacks Ironically, after recent successes, Israel is stuck with images that are no… [+133 chars]",https://www.haaretz.com/israel-news/2024-10-25/ty-article/.premium/the-idf-gave-israels-government-a-victory-image-but-netanyahu-only-has-eyes-for-iran/00000192-c014-d9ee-a5de-f11d9bd20000,
Negative,legal Affairs,Haaretz,Israel Police officer who oversaw Netanyahu corruption cases announces he's quitting,"National Security Minister Itamar Ben-Gvir had decided to reassign Brig. Gen. Yoav Telem, who was in charge of two of the four cases against Israeli PM Benjamin Netanyahu, to a role that police sources say was designed to make him a scapegoat","National Security Minister Itamar Ben-Gvir had decided to reassign Brig. Gen. Yoav Telem, who was in charge of two of the four cases against Israeli PM Benjamin Netanyahu, to a role that police sourc… [+42 chars]",https://www.haaretz.com/israel-news/2024-10-25/ty-article/.premium/israel-police-officer-who-oversaw-netanyahu-corruption-cases-announces-hes-quitting/00000192-c2d4-d9ee-a5de-f3dddb9e0000,
Neutral,israel iran/Lebanon Conflict,Yahoo Entertainment,"Huddled with his generals deep in the night, Benjamin Netanyahu finally hit the button",It was just after 2.15am when Iranians woke to the sounds of explosions and the first plumes of smoke began to rise near the capital.,"It was just after 2.15am when Iranians woke to the sounds of explosions and the first plumes of smoke began to rise near the capital.  After weeks of speculation, leaks and fierce battles against Ira… [+6418 chars]",https://uk.news.yahoo.com/huddled-generals-deep-night-benjamin-093100868.html,
Neutral,israel iran/Lebanon Conflict,Freerepublic.com,MSNBC’s Reid: Netanyahu ‘Determined to Escalate a Regional War’ by Responding to Iran’s Attack,"On Friday’s broadcast of MSNBC’s “The ReidOut,” host Joy Reid reacted to Israel launching strikes against Iran in response to Iran’s earlier attack on Israel by stating that it seems as though Israeli Prime Minister Benjamin Netanyahu “is determined to escala…",Skip to comments.  MSNBCs Reid: Netanyahu Determined to Escalate a Regional War by Responding to Irans AttackBreitbart ^   | 10/25/2024   | Ian hatchett  Posted on 10/25/2024 7:03:56 PM PDT by Chicag… [+4795 chars],https://freerepublic.com/focus/f-news/4273510/posts,
Neutral,Israel American Relations,Newser,Trump to Netanyahu: 'Do What You Have to Do',"In a phone call with Benjamin Netanyahu, Donald Trump backed his military's attacks on Hamas and Hezbollah—telling the prime minister, ""Do what you have to do."" Republican Sen. Lindsey Graham was on a call this month with the two, the Washington Post reports.…","In a phone call with Benjamin Netanyahu, Donald Trump backed his military's attacks on Hamas and Hezbollah—telling the prime minister, ""Do what you have to do."" Republican Sen. Lindsey Graham was on … [+998 chars]",https://www.newser.com/story/358413/trump-backs-offensives-in-call-with-netanyahu.html,
Neutral,israel iran/Lebanon Conflict,Freerepublic.com,News Summary-Intelligence Report 10/25/2024 Newsdump Friday*Israel Attacks Iran*International Court Replaces Netanyahu Arrest Warrant Judge*Tommy Robinson Arrested*US Combat Aircraft Moved To Mid-East*Putin Sees NATO In Ukraine When Asked...*,Electricity in Ecuador now being cut 14 hours a day... CNN reporting that hackers linked to the Chinese government have targeted phone data of both Donald Trump... Syrian government media reporting Israeli air attacks... Israel Attacking Targets In Iran Early…,Skip to comments.  News Summary-Intelligence Report 10/25/2024 Newsdump Friday*Israel Attacks Iran*International Court Replaces Netanyahu Arrest Warrant Judge*Tommy Robinson Arrested*US Combat Aircra… [+3463 chars],https://freerepublic.com/focus/f-bloggers/4273523/posts,
Neutral,legal Affairs,Haaretz,"ICC judge weighing arrest warrants against Netanyahu and Gallant replaced, likely delaying decision","Judge Iulia Motoc of the International Criminal Court at The Hague asked to be taken off the case on medical grounds, and is set to be replaced by Slovenian judge Beti Hohler","The presiding judge of an International Criminal Court panel considering a request to issue arrest warrants for Israeli Prime Minister Benjamin Netanyahu, his defense minister and senior Hamas leader… [+38 chars]",https://www.haaretz.com/israel-news/2024-10-26/ty-article/.premium/icc-judge-in-case-against-netanyahu-and-gallant-replaced-likely-delaying-decision/00000192-c7b0-d63b-adb3-dff967d30000,
Neutral,israel iran/Lebanon Conflict,Breitbart News,MSNBC's Reid: Netanyahu 'Determined to Escalate a Regional War' by Responding to Iran's Attack,"On Friday’s broadcast of MSNBC’s “The ReidOut,” host Joy Reid reacted to Israel launching strikes against Iran in response to Iran’s earlier attack on Israel by stating that it seems as though Israeli Prime Minister Benjamin Netanyahu “is determined to The po…","On Friday’s broadcast of MSNBC’s “The ReidOut,” host Joy Reid reacted to Israel launching strikes against Iran in response to Iran’s earlier attack on Israel by stating that it seems as though Israel… [+1016 chars]",https://www.breitbart.com/clips/2024/10/25/msnbcs-reid-netanyahu-determined-to-escalate-a-regional-war-by-responding-to-irans-attack/,
Neutral,israel iran/Lebanon Conflict,Yahoo Entertainment,Netanyahu says Israel hit Iran hard; Khamenei says damage should not be exaggerated,"JERUSALEM/CAIRO (Reuters) -Israel's airstrikes ""hit hard"" Iran's defences and missile production, Prime Minister Benjamin Netanyahu said on Sunday, as...",Yahoo is using AI to generate takeaways from this article. This means the info may not always match what's in the article. Reporting mistakes helps us improve the experience.Generate Key Takeaways  B… [+3812 chars],https://www.yahoo.com/news/netanyahu-says-israel-hit-iran-140528381.html,
Neutral,Israel American Relations,International Business Times,Israel's Netanyahu Hoping For Trump Triumph,"With the US presidential election heading into the home stretch, Israeli Prime Minister Benjamin Netanyahu will likely be hoping for Donald Trump to return to the White House.","With the US presidential election heading into the home stretch, Israeli Prime Minister Benjamin Netanyahu will likely be hoping for Donald Trump to return to the White House.  Trump's last time in o… [+4349 chars]",https://www.ibtimes.com/israels-netanyahu-hoping-trump-triumph-3748311,
Neutral,israel iran/Lebanon Conflict,International Business Times,"Netanyahu Hails 'Precise' Strike On Iran As Israel Pounds Lebanon, Gaza","Prime Minister Benjamin Netanyahu declared on Sunday that Israel's ""precise and powerful"" strikes on Iran had been a success, as his country's forces pounded targets in Gaza and Lebanon.","Prime Minister Benjamin Netanyahu declared on Sunday that Israel's ""precise and powerful"" strikes on Iran had been a success, as his country's forces pounded targets in Gaza and Lebanon.  The previou… [+5350 chars]",https://www.ibtimes.com/netanyahu-hails-precise-strike-iran-israel-pounds-lebanon-gaza-3748347,
Neutral,israel iran/Lebanon Conflict,Yahoo Entertainment,Netanyahu: Attack on Iran was 'precise and powerful',"Israel's attack on Iran was, in the words of Israeli Prime Minister Benjamin Netanyahu on Sunday, ""precise and powerful,"" as Iranian leaders weighed a...",Yahoo is using AI to generate takeaways from this article. This means the info may not always match what's in the article. Reporting mistakes helps us improve the experience.Generate Key Takeaways  I… [+5692 chars],https://www.yahoo.com/news/netanyahu-attack-iran-precise-powerful-132733958.html,
Neutral,israel iran/Lebanon Conflict,ABC News,Prime Minister Benjamin Netanyahu says Israeli strike 'severely harmed' Iran and 'achieved all its goals',Prime Minister Benjamin Netanyahu says Israeli strike 'severely harmed' Iran and 'achieved all its goals',"Prime Minister Benjamin Netanyahu says Israeli strike 'severely harmed' Iran and 'achieved all its goals'  October 27, 2024, 6:06 AM  TEL AVIV, Israel -- Prime Minister Benjamin Netanyahu says Israel… [+60 chars]",https://abcnews.go.com/International/wireStory/prime-minister-benjamin-netanyahu-israeli-strike-severely-harmed-115189797,
Neutral,Israel American Relations,Digital Journal,Israel’s Netanyahu hoping for Trump triumph,"With the US presidential election heading into the home stretch, Israeli Prime Minister Benjamin Netanyahu will likely be hoping for Donald Trump to return to the White House. Trump’s last time in office was good for Netanyahu, and in the lead-up to the Novem…",US President Donald Trump (L) and Israeli Prime Minister Benjamin Netanyahu enjoy a close personal relationship - Copyright AFP/File MANDEL NGAN  With the US presidential election heading into the ho… [+4598 chars],https://www.digitaljournal.com/world/israels-netanyahu-hoping-for-trump-triumph/article,
Neutral,Israel Palestine Conflict,Biztoc.com,Scoop: Yellen and allies urge Netanyahu not to crater Palestinian economy,"Treasury Secretary Janet Yellen and seven foreign counterparts sent Israeli Prime Minister Benjamin Netanyahu a letter, obtained by Axios, warning that his far-right Finance Minister Bezalel Smotrich might be about to cause the collapse of the Palestinian eco…","Treasury Secretary Janet Yellen and seven foreign counterparts sent Israeli Prime Minister Benjamin Netanyahu a letter, obtained by Axios, warning that his far-right Finance Minister Bezalel Smotrich… [+141 chars]",https://biztoc.com/x/7e11b11af70f3c8d,
Neutral,Israel American Relations,Investing.com,Kamala Harris says she is not concerned about Trump's talks with Netanyahu,Kamala Harris says she is not concerned about Trump's talks with Netanyahu,"PHILADELPHIA (Reuters) - U.S. Vice President Kamala Harris said on Sunday she was not concerned about talks between former President Donald Trump and Israeli Prime Minister Benjamin Netanyahu, and re… [+344 chars]",https://www.investing.com/news/world-news/kamala-harris-says-she-is-not-concerned-about-trumps-talks-with-netanyahu-3684742,
Neutral,Non-American Israel Relations ,Biztoc.com,Has MBS paved the way for Netanyahu to target Iran through a fictitious treaty compromising their oil deterrence?,Has MBS paved the way for Netanyahu to target Iran through a fictitious treaty compromising their oil deterrence? Middle East Monitor Oil's War Premium Will Fade After Israel's Iran Strike Bloomberg Oil prices likely to fall after Israel shows restraint in st…,Has MBS paved the way for Netanyahu to target Iran through a fictitious treaty compromising their oil deterrence? Middle East MonitorOil's War Premium Will Fade After Israel's Iran Strike BloombergOi… [+152 chars],https://biztoc.com/x/3e208fdc9d1cc42b,
